start_station_name,latitude,longtitude,member_type,num_trips
"2112 W Peterson Ave",41.99,-87.68,casual,289
"2112 W Peterson Ave",41.99,-87.68,member,451
"21st St & Pulaski Rd",41.85,-87.72,casual,20
"21st St & Pulaski Rd",41.85,-87.72,member,11
"63rd St Beach",41.78,-87.58,casual,792
"63rd St Beach",41.78,-87.58,member,459
"900 W Harrison St",41.87,-87.67,casual,1
"900 W Harrison St",41.87,-87.65,casual,3382
"900 W Harrison St",41.88,-87.66,casual,1
"900 W Harrison St",41.88,-87.65,casual,2
"900 W Harrison St",41.89,-87.68,casual,1
"900 W Harrison St",41.84,-87.70,member,1
"900 W Harrison St",41.85,-87.69,member,1
"900 W Harrison St",41.86,-87.68,member,1
"900 W Harrison St",41.86,-87.65,member,1
"900 W Harrison St",41.87,-87.67,member,1
"900 W Harrison St",41.87,-87.65,member,9982
"900 W Harrison St",41.88,-87.65,member,10
"900 W Harrison St",41.89,-87.68,member,2
"900 W Harrison St",41.90,-87.62,member,1
"900 W Harrison St",41.92,-87.68,member,1
"Aberdeen St & Jackson Blvd",41.88,-87.66,casual,12
"Aberdeen St & Jackson Blvd",41.88,-87.65,casual,4149
"Aberdeen St & Jackson Blvd",41.88,-87.63,casual,2
"Aberdeen St & Jackson Blvd",41.89,-87.62,casual,1
"Aberdeen St & Jackson Blvd",41.94,-87.69,casual,1
"Aberdeen St & Jackson Blvd",41.87,-87.67,member,2
"Aberdeen St & Jackson Blvd",41.87,-87.65,member,1
"Aberdeen St & Jackson Blvd",41.88,-87.66,member,55
"Aberdeen St & Jackson Blvd",41.88,-87.65,member,12431
"Aberdeen St & Jackson Blvd",41.88,-87.64,member,1
"Aberdeen St & Jackson Blvd",41.93,-87.71,member,1
"Aberdeen St & Jackson Blvd",41.94,-87.69,member,1
"Aberdeen St & Jackson Blvd",41.97,-87.71,member,1
"Aberdeen St & Monroe St",41.88,-87.66,casual,3100
"Aberdeen St & Monroe St",41.88,-87.65,casual,1
"Aberdeen St & Monroe St",41.89,-87.65,casual,1
"Aberdeen St & Monroe St",41.91,-87.63,casual,1
"Aberdeen St & Monroe St",41.99,-87.67,casual,1
"Aberdeen St & Monroe St",41.88,-87.66,member,8201
"Aberdeen St & Monroe St",41.88,-87.65,member,4
"Aberdeen St & Monroe St",41.88,-87.64,member,1
"Aberdeen St & Monroe St",41.88,-87.63,member,1
"Aberdeen St & Monroe St",41.89,-87.66,member,1
"Aberdeen St & Monroe St",41.91,-87.63,member,1
"Aberdeen St & Monroe St",41.98,-87.79,member,1
"Aberdeen St & Randolph St",41.88,-87.65,casual,3772
"Aberdeen St & Randolph St",41.88,-87.64,casual,1
"Aberdeen St & Randolph St",41.89,-87.65,casual,1
"Aberdeen St & Randolph St",41.90,-87.67,casual,1
"Aberdeen St & Randolph St",41.95,-87.66,casual,1
"Aberdeen St & Randolph St",41.87,-87.63,member,1
"Aberdeen St & Randolph St",41.88,-87.66,member,1
"Aberdeen St & Randolph St",41.88,-87.65,member,8388
"Aberdeen St & Randolph St",41.89,-87.67,member,1
"Aberdeen St & Randolph St",41.89,-87.66,member,1
"Aberdeen St & Randolph St",41.89,-87.65,member,3
"Aberdeen St & Randolph St",41.90,-87.67,member,1
"Ada St & 113th St",41.69,-87.66,casual,20
"Ada St & 113th St",41.69,-87.66,member,9
"Ada St & Washington Blvd",41.88,-87.66,casual,2167
"Ada St & Washington Blvd",41.88,-87.66,member,5413
"Ada St & Washington Blvd",41.88,-87.65,member,2
"Ada St & Washington Blvd",41.92,-87.65,member,1
"Ada St & Washington Blvd",41.96,-87.70,member,1
"Adler Planetarium",41.87,-87.62,casual,2
"Adler Planetarium",41.87,-87.61,casual,14163
"Adler Planetarium",41.89,-87.61,casual,1
"Adler Planetarium",41.84,-87.61,member,1
"Adler Planetarium",41.86,-87.61,member,1
"Adler Planetarium",41.87,-87.62,member,1
"Adler Planetarium",41.87,-87.61,member,5756
"Adler Planetarium",41.88,-87.65,member,1
"Adler Planetarium",41.88,-87.63,member,2
"Adler Planetarium",41.90,-87.62,member,1
"Albany Ave & 16th St",41.86,-87.70,casual,90
"Albany Ave & 16th St",41.86,-87.70,member,35
"Albany Ave & 26th St",41.84,-87.70,casual,119
"Albany Ave & 26th St",41.84,-87.70,member,93
"Albany Ave & Belmont Ave",41.94,-87.71,casual,364
"Albany Ave & Belmont Ave",41.94,-87.71,member,503
"Albany Ave & Bloomingdale Ave",41.91,-87.71,casual,2161
"Albany Ave & Bloomingdale Ave",41.91,-87.70,casual,2
"Albany Ave & Bloomingdale Ave",41.88,-87.67,member,1
"Albany Ave & Bloomingdale Ave",41.91,-87.71,member,3866
"Albany Ave & Bloomingdale Ave",41.91,-87.70,member,2
"Albany Ave & Douglas Blvd",41.86,-87.70,casual,58
"Albany Ave & Douglas Blvd",41.86,-87.70,member,23
"Albany Ave & Montrose Ave",41.96,-87.71,casual,770
"Albany Ave & Montrose Ave",41.95,-87.75,member,1
"Albany Ave & Montrose Ave",41.96,-87.71,member,1505
"Altgeld Gardens",41.66,-87.60,casual,25
"Altgeld Gardens",41.66,-87.60,member,3
"Archer (Damen) Ave & 37th St",41.83,-87.68,casual,257
"Archer (Damen) Ave & 37th St",41.83,-87.68,member,476
"Archer Ave & 43rd St",41.82,-87.70,casual,73
"Archer Ave & 43rd St",41.82,-87.70,member,18
"Archer Ave & Homan Ave",41.81,-87.71,casual,5
"Archer Ave & Homan Ave",41.81,-87.71,member,2
"Artesian Ave & 55th St",41.79,-87.69,casual,61
"Artesian Ave & 55th St",41.79,-87.69,member,48
"Artesian Ave & 71st St",41.76,-87.68,casual,16
"Artesian Ave & 71st St",41.76,-87.68,member,20
"Artesian Ave & Hubbard St",41.89,-87.69,casual,1814
"Artesian Ave & Hubbard St",41.98,-87.69,casual,1
"Artesian Ave & Hubbard St",41.82,-87.60,member,1
"Artesian Ave & Hubbard St",41.89,-87.69,member,4157
"Artesian Ave & Hubbard St",41.89,-87.65,member,1
"Artesian Ave & Hubbard St",41.90,-87.69,member,1
"Artesian Ave & Hubbard St",41.90,-87.63,member,1
"Artesian Ave & Hubbard St",41.91,-87.66,member,1
"Artesian Ave & Hubbard St",41.94,-87.66,member,1
"Artesian Ave & Marquette Rd",41.77,-87.68,casual,24
"Artesian Ave & Marquette Rd",41.77,-87.68,member,58
"Ashland Ave & 13th St",41.87,-87.67,casual,434
"Ashland Ave & 13th St",41.71,-87.72,member,1
"Ashland Ave & 13th St",41.86,-87.67,member,1
"Ashland Ave & 13th St",41.87,-87.67,member,3154
"Ashland Ave & 13th St",41.94,-87.68,member,1
"Ashland Ave & 50th St",41.80,-87.66,casual,95
"Ashland Ave & 50th St",41.80,-87.66,member,255
"Ashland Ave & 63rd St",41.78,-87.67,casual,1
"Ashland Ave & 63rd St",41.78,-87.66,casual,52
"Ashland Ave & 63rd St",41.78,-87.66,member,55
"Ashland Ave & 66th St",41.77,-87.66,casual,43
"Ashland Ave & 66th St",41.77,-87.66,member,45
"Ashland Ave & 74th St",41.76,-87.66,casual,35
"Ashland Ave & 74th St",41.76,-87.66,member,41
"Ashland Ave & 78th St",41.75,-87.66,casual,52
"Ashland Ave & 78th St",41.75,-87.66,member,41
"Ashland Ave & Archer Ave",41.84,-87.67,casual,749
"Ashland Ave & Archer Ave",41.84,-87.66,casual,1
"Ashland Ave & Archer Ave",41.84,-87.67,member,1128
"Ashland Ave & Augusta Blvd",41.88,-87.67,casual,1
"Ashland Ave & Augusta Blvd",41.90,-87.67,casual,2052
"Ashland Ave & Augusta Blvd",41.88,-87.65,member,1
"Ashland Ave & Augusta Blvd",41.89,-87.67,member,1
"Ashland Ave & Augusta Blvd",41.89,-87.65,member,2
"Ashland Ave & Augusta Blvd",41.90,-87.67,member,6131
"Ashland Ave & Augusta Blvd",41.90,-87.62,member,1
"Ashland Ave & Augusta Blvd",41.91,-87.68,member,1
"Ashland Ave & Augusta Blvd",41.94,-87.64,member,1
"Ashland Ave & Belle Plaine Ave",41.96,-87.67,casual,1465
"Ashland Ave & Belle Plaine Ave",41.97,-87.67,casual,1
"Ashland Ave & Belle Plaine Ave",41.96,-87.67,member,2111
"Ashland Ave & Belle Plaine Ave",41.96,-87.65,member,1
"Ashland Ave & Blackhawk St",41.91,-87.67,casual,3063
"Ashland Ave & Blackhawk St",41.88,-87.65,member,1
"Ashland Ave & Blackhawk St",41.89,-87.64,member,1
"Ashland Ave & Blackhawk St",41.89,-87.62,member,1
"Ashland Ave & Blackhawk St",41.90,-87.67,member,1
"Ashland Ave & Blackhawk St",41.91,-87.67,member,6097
"Ashland Ave & Blackhawk St",41.91,-87.66,member,1
"Ashland Ave & Blackhawk St",41.92,-87.67,member,1
"Ashland Ave & Chicago Ave",41.87,-87.62,casual,1
"Ashland Ave & Chicago Ave",41.90,-87.67,casual,2102
"Ashland Ave & Chicago Ave",41.89,-87.68,member,1
"Ashland Ave & Chicago Ave",41.90,-87.68,member,1
"Ashland Ave & Chicago Ave",41.90,-87.67,member,5069
"Ashland Ave & Division St",41.86,-87.70,casual,1
"Ashland Ave & Division St",41.87,-87.64,casual,1
"Ashland Ave & Division St",41.89,-87.65,casual,1
"Ashland Ave & Division St",41.89,-87.64,casual,2
"Ashland Ave & Division St",41.90,-87.67,casual,7776
"Ashland Ave & Division St",41.86,-87.68,member,1
"Ashland Ave & Division St",41.88,-87.65,member,1
"Ashland Ave & Division St",41.88,-87.64,member,1
"Ashland Ave & Division St",41.89,-87.62,member,1
"Ashland Ave & Division St",41.90,-87.67,member,16461
"Ashland Ave & Division St",41.90,-87.66,member,1
"Ashland Ave & Division St",41.90,-87.63,member,2
"Ashland Ave & Division St",41.91,-87.68,member,1
"Ashland Ave & Division St",41.99,-87.71,member,1
"Ashland Ave & Garfield Blvd",41.79,-87.66,casual,67
"Ashland Ave & Garfield Blvd",41.79,-87.66,member,33
"Ashland Ave & Grace St",41.91,-87.63,casual,1
"Ashland Ave & Grace St",41.92,-87.71,casual,1
"Ashland Ave & Grace St",41.93,-87.63,casual,1
"Ashland Ave & Grace St",41.94,-87.66,casual,1
"Ashland Ave & Grace St",41.95,-87.67,casual,3008
"Ashland Ave & Grace St",41.94,-87.67,member,1
"Ashland Ave & Grace St",41.95,-87.67,member,5700
"Ashland Ave & Grand Ave",41.89,-87.67,casual,1865
"Ashland Ave & Grand Ave",41.89,-87.66,casual,1
"Ashland Ave & Grand Ave",41.87,-87.64,member,1
"Ashland Ave & Grand Ave",41.88,-87.65,member,2
"Ashland Ave & Grand Ave",41.88,-87.64,member,1
"Ashland Ave & Grand Ave",41.89,-87.67,member,4192
"Ashland Ave & Grand Ave",41.89,-87.65,member,1
"Ashland Ave & Grand Ave",41.89,-87.64,member,1
"Ashland Ave & Grand Ave",41.90,-87.67,member,1
"Ashland Ave & Grand Ave",41.90,-87.63,member,1
"Ashland Ave & Grand Ave",41.92,-87.65,member,1
"Ashland Ave & Lake St",41.89,-87.68,casual,1
"Ashland Ave & Lake St",41.89,-87.67,casual,2742
"Ashland Ave & Lake St",41.86,-87.68,member,2
"Ashland Ave & Lake St",41.89,-87.68,member,2
"Ashland Ave & Lake St",41.89,-87.67,member,4190
"Ashland Ave & Lake St",41.89,-87.64,member,1
"Ashland Ave & McDowell Ave",41.81,-87.66,casual,105
"Ashland Ave & McDowell Ave",41.81,-87.66,member,124
"Ashland Ave & Pershing Rd",41.82,-87.67,casual,99
"Ashland Ave & Pershing Rd",41.82,-87.67,member,198
"Ashland Ave & Wellington Ave",41.94,-87.67,casual,2369
"Ashland Ave & Wellington Ave",41.95,-87.66,casual,1
"Ashland Ave & Wellington Ave",41.86,-87.68,member,1
"Ashland Ave & Wellington Ave",41.89,-87.63,member,1
"Ashland Ave & Wellington Ave",41.90,-87.60,member,1
"Ashland Ave & Wellington Ave",41.93,-87.67,member,1
"Ashland Ave & Wellington Ave",41.94,-87.67,member,5914
"Ashland Ave & Wrightwood Ave",41.89,-87.68,casual,1
"Ashland Ave & Wrightwood Ave",41.93,-87.67,casual,2235
"Ashland Ave & Wrightwood Ave",41.93,-87.67,member,4264
"Augusta Blvd & Laramie Ave",41.90,-87.76,casual,69
"Augusta Blvd & Laramie Ave",41.90,-87.76,member,2
"Austin Blvd & Chicago Ave",41.89,-87.77,casual,142
"Austin Blvd & Chicago Ave",41.89,-87.77,member,50
"Austin Blvd & Lake St",41.89,-87.77,casual,226
"Austin Blvd & Lake St",41.89,-87.77,member,230
"Austin Blvd & Madison St",41.88,-87.77,casual,112
"Austin Blvd & Madison St",41.88,-87.77,member,142
"Avenue L & 114th St",41.69,-87.54,casual,27
"Avenue L & 114th St",41.69,-87.54,member,1
"Avenue O & 118th St",41.68,-87.54,casual,50
"Avenue O & 118th St",41.68,-87.54,member,24
"Avenue O & 118th St",41.72,-87.64,member,1
"Avenue O & 134th St",41.65,-87.54,casual,76
"Avenue O & 134th St",41.65,-87.54,member,16
"Avers Ave & Belmont Ave",41.94,-87.72,casual,1139
"Avers Ave & Belmont Ave",41.94,-87.72,member,1564
"Avondale Ave & Irving Park Rd",41.95,-87.73,casual,1104
"Avondale Ave & Irving Park Rd",41.95,-87.74,member,1
"Avondale Ave & Irving Park Rd",41.95,-87.73,member,1770
"Baltimore Ave & 87th St",41.74,-87.55,casual,87
"Baltimore Ave & 87th St",41.74,-87.55,member,172
"Base - 2132 W Hubbard",41.89,-87.68,member,4
"Bennett Ave & 79th St",41.75,-87.58,casual,48
"Bennett Ave & 79th St",41.75,-87.58,member,11
"Benson Ave & Church St",42.03,-87.68,casual,1
"Benson Ave & Church St",42.04,-87.69,casual,1
"Benson Ave & Church St",42.05,-87.68,casual,2861
"Benson Ave & Church St",42.04,-87.70,member,1
"Benson Ave & Church St",42.04,-87.68,member,1
"Benson Ave & Church St",42.05,-87.68,member,3864
"Bernard St & Elston Ave",41.95,-87.71,casual,408
"Bernard St & Elston Ave",41.95,-87.71,member,1480
"Bernard St & Elston Ave",41.96,-87.65,member,1
"Bernard St & Peterson Ave",41.99,-87.72,casual,27
"Bernard St & Peterson Ave",41.99,-87.72,member,28
"Big Marsh Park",41.69,-87.57,casual,226
"Big Marsh Park",41.69,-87.57,member,66
"Bissell St & Armitage Ave*",41.91,-87.64,casual,1
"Bissell St & Armitage Ave*",41.92,-87.65,casual,3570
"Bissell St & Armitage Ave*",41.93,-87.65,casual,1
"Bissell St & Armitage Ave*",41.89,-87.65,member,1
"Bissell St & Armitage Ave*",41.90,-87.64,member,1
"Bissell St & Armitage Ave*",41.90,-87.63,member,1
"Bissell St & Armitage Ave*",41.92,-87.65,member,7799
"Bissell St & Armitage Ave*",41.94,-87.66,member,1
"Blackstone Ave & 59th St",41.79,-87.59,casual,2172
"Blackstone Ave & 59th St",41.79,-87.60,member,1
"Blackstone Ave & 59th St",41.79,-87.59,member,6374
"Blackstone Ave & 59th St",41.89,-87.63,member,1
"Blackstone Ave & Hyde Park Blvd",41.80,-87.60,casual,1
"Blackstone Ave & Hyde Park Blvd",41.80,-87.59,casual,1893
"Blackstone Ave & Hyde Park Blvd",41.80,-87.60,member,1
"Blackstone Ave & Hyde Park Blvd",41.80,-87.59,member,3842
"Blackstone Ave & Hyde Park Blvd",41.80,-87.58,member,1
"Blackstone Ave & Hyde Park Blvd",41.89,-87.68,member,1
"Bloomingdale Ave & Harlem Ave",41.91,-87.81,casual,64
"Bloomingdale Ave & Harlem Ave",41.91,-87.81,member,23
"Blue Island Ave & 18th St",41.86,-87.66,casual,1923
"Blue Island Ave & 18th St",41.91,-87.69,casual,1
"Blue Island Ave & 18th St",41.86,-87.66,member,4131
"Blue Island Ave & 18th St",41.87,-87.66,member,1
"Bosworth Ave & Howard St",42.02,-87.67,casual,196
"Bosworth Ave & Howard St",42.02,-87.67,member,863
"Bradley Park",41.72,-87.56,casual,20
"Broadway & Argyle St",41.89,-87.68,casual,1
"Broadway & Argyle St",41.95,-87.73,casual,1
"Broadway & Argyle St",41.97,-87.66,casual,2983
"Broadway & Argyle St",41.88,-87.63,member,1
"Broadway & Argyle St",41.94,-87.64,member,1
"Broadway & Argyle St",41.97,-87.66,member,6780
"Broadway & Argyle St",41.97,-87.65,member,1
"Broadway & Argyle St",41.98,-87.66,member,1
"Broadway & Barry Ave",41.87,-87.61,casual,1
"Broadway & Barry Ave",41.88,-87.63,casual,1
"Broadway & Barry Ave",41.89,-87.68,casual,1
"Broadway & Barry Ave",41.91,-87.63,casual,1
"Broadway & Barry Ave",41.93,-87.64,casual,1
"Broadway & Barry Ave",41.93,-87.63,casual,2
"Broadway & Barry Ave",41.94,-87.64,casual,9896
"Broadway & Barry Ave",41.97,-87.65,casual,1
"Broadway & Barry Ave",41.98,-87.65,casual,1
"Broadway & Barry Ave",41.88,-87.65,member,1
"Broadway & Barry Ave",41.89,-87.68,member,1
"Broadway & Barry Ave",41.89,-87.63,member,2
"Broadway & Barry Ave",41.92,-87.70,member,1
"Broadway & Barry Ave",41.92,-87.65,member,1
"Broadway & Barry Ave",41.93,-87.64,member,4
"Broadway & Barry Ave",41.93,-87.63,member,1
"Broadway & Barry Ave",41.94,-87.65,member,2
"Broadway & Barry Ave",41.94,-87.64,member,20418
"Broadway & Barry Ave",41.97,-87.65,member,1
"Broadway & Belmont Ave",41.93,-87.65,casual,1
"Broadway & Belmont Ave",41.94,-87.65,casual,6206
"Broadway & Belmont Ave",41.94,-87.64,casual,1
"Broadway & Belmont Ave",41.90,-87.64,member,1
"Broadway & Belmont Ave",41.91,-87.65,member,1
"Broadway & Belmont Ave",41.92,-87.65,member,2
"Broadway & Belmont Ave",41.94,-87.67,member,1
"Broadway & Belmont Ave",41.94,-87.65,member,11537
"Broadway & Belmont Ave",41.94,-87.64,member,1
"Broadway & Belmont Ave",41.95,-87.65,member,1
"Broadway & Berwyn Ave",41.98,-87.66,casual,2556
"Broadway & Berwyn Ave",41.94,-87.67,member,1
"Broadway & Berwyn Ave",41.97,-87.65,member,1
"Broadway & Berwyn Ave",41.98,-87.66,member,5997
"Broadway & Cornelia Ave",41.76,-87.65,casual,1
"Broadway & Cornelia Ave",41.89,-87.65,casual,1
"Broadway & Cornelia Ave",41.90,-87.66,casual,1
"Broadway & Cornelia Ave",41.93,-87.65,casual,1
"Broadway & Cornelia Ave",41.94,-87.66,casual,1
"Broadway & Cornelia Ave",41.94,-87.65,casual,4
"Broadway & Cornelia Ave",41.94,-87.64,casual,2
"Broadway & Cornelia Ave",41.95,-87.66,casual,2
"Broadway & Cornelia Ave",41.95,-87.65,casual,8358
"Broadway & Cornelia Ave",41.95,-87.64,casual,3
"Broadway & Cornelia Ave",41.96,-87.65,casual,1
"Broadway & Cornelia Ave",41.97,-87.65,casual,2
"Broadway & Cornelia Ave",41.89,-87.68,member,1
"Broadway & Cornelia Ave",41.92,-87.65,member,2
"Broadway & Cornelia Ave",41.94,-87.67,member,1
"Broadway & Cornelia Ave",41.94,-87.66,member,1
"Broadway & Cornelia Ave",41.94,-87.65,member,1
"Broadway & Cornelia Ave",41.95,-87.69,member,1
"Broadway & Cornelia Ave",41.95,-87.65,member,14936
"Broadway & Cornelia Ave",41.97,-87.69,member,1
"Broadway & Cornelia Ave",41.98,-87.84,member,1
"Broadway & Granville Ave",41.99,-87.66,casual,3005
"Broadway & Granville Ave",42.00,-87.66,casual,1
"Broadway & Granville Ave",41.95,-87.64,member,1
"Broadway & Granville Ave",41.99,-87.66,member,4905
"Broadway & Granville Ave",42.00,-87.66,member,2
"Broadway & Ridge Ave",41.95,-87.73,casual,1
"Broadway & Ridge Ave",41.98,-87.66,casual,2260
"Broadway & Ridge Ave",41.89,-87.63,member,1
"Broadway & Ridge Ave",41.98,-87.66,member,4647
"Broadway & Sheridan Rd",41.88,-87.64,casual,1
"Broadway & Sheridan Rd",41.92,-87.65,casual,1
"Broadway & Sheridan Rd",41.94,-87.64,casual,1
"Broadway & Sheridan Rd",41.95,-87.73,casual,1
"Broadway & Sheridan Rd",41.95,-87.69,casual,1
"Broadway & Sheridan Rd",41.95,-87.68,casual,1
"Broadway & Sheridan Rd",41.95,-87.65,casual,5553
"Broadway & Sheridan Rd",41.96,-87.65,casual,1
"Broadway & Sheridan Rd",41.88,-87.65,member,2
"Broadway & Sheridan Rd",41.88,-87.63,member,3
"Broadway & Sheridan Rd",41.91,-87.63,member,1
"Broadway & Sheridan Rd",41.95,-87.71,member,1
"Broadway & Sheridan Rd",41.95,-87.66,member,3
"Broadway & Sheridan Rd",41.95,-87.65,member,11911
"Broadway & Sheridan Rd",41.96,-87.65,member,1
"Broadway & Thorndale Ave",41.98,-87.67,casual,1
"Broadway & Thorndale Ave",41.98,-87.65,casual,1
"Broadway & Thorndale Ave",41.99,-87.66,casual,2842
"Broadway & Thorndale Ave",41.98,-87.67,member,1
"Broadway & Thorndale Ave",41.99,-87.66,member,5037
"Broadway & Waveland Ave",41.80,-87.59,casual,1
"Broadway & Waveland Ave",41.92,-87.65,casual,1
"Broadway & Waveland Ave",41.93,-87.65,casual,1
"Broadway & Waveland Ave",41.95,-87.73,casual,1
"Broadway & Waveland Ave",41.95,-87.65,casual,7224
"Broadway & Waveland Ave",41.95,-87.64,casual,1
"Broadway & Waveland Ave",41.96,-87.67,casual,1
"Broadway & Waveland Ave",41.97,-87.66,casual,1
"Broadway & Waveland Ave",41.98,-87.65,casual,1
"Broadway & Waveland Ave",41.88,-87.65,member,1
"Broadway & Waveland Ave",41.89,-87.68,member,2
"Broadway & Waveland Ave",41.91,-87.65,member,1
"Broadway & Waveland Ave",41.93,-87.64,member,1
"Broadway & Waveland Ave",41.95,-87.66,member,2
"Broadway & Waveland Ave",41.95,-87.65,member,16630
"Broadway & Waveland Ave",41.95,-87.64,member,1
"Broadway & Waveland Ave",41.96,-87.65,member,1
"Broadway & Wilson Ave",41.92,-87.74,casual,1
"Broadway & Wilson Ave",41.96,-87.66,casual,3
"Broadway & Wilson Ave",41.97,-87.66,casual,4486
"Broadway & Wilson Ave",41.98,-87.67,casual,1
"Broadway & Wilson Ave",41.89,-87.65,member,1
"Broadway & Wilson Ave",41.95,-87.73,member,1
"Broadway & Wilson Ave",41.95,-87.65,member,2
"Broadway & Wilson Ave",41.96,-87.66,member,5
"Broadway & Wilson Ave",41.96,-87.65,member,1
"Broadway & Wilson Ave",41.97,-87.66,member,8748
"Buckingham - Fountain",41.88,-87.62,casual,171
"Buckingham - Fountain",41.88,-87.62,member,36
"Buckingham Fountain",41.86,-87.68,casual,4
"Buckingham Fountain",41.87,-87.62,casual,316
"Buckingham Fountain",41.88,-87.62,casual,5183
"Buckingham Fountain",41.89,-87.64,casual,1
"Buckingham Fountain",41.89,-87.61,casual,1
"Buckingham Fountain",41.91,-87.70,casual,1
"Buckingham Fountain",41.87,-87.62,member,242
"Buckingham Fountain",41.88,-87.62,member,1079
"Buckingham Fountain",41.93,-87.64,member,1
"Buckingham Fountain (Columbus/Balbo)",41.87,-87.62,casual,94
"Buckingham Fountain (Columbus/Balbo)",41.88,-87.62,casual,32
"Buckingham Fountain (Columbus/Balbo)",41.87,-87.62,member,13
"Buckingham Fountain (Columbus/Balbo)",41.88,-87.62,member,8
"Buckingham Fountain (Michigan/11th)",41.88,-87.62,casual,1
"Buckingham Fountain (Temp)",41.87,-87.63,casual,1
"Buckingham Fountain (Temp)",41.87,-87.62,casual,2491
"Buckingham Fountain (Temp)",41.88,-87.62,casual,288
"Buckingham Fountain (Temp)",41.86,-87.62,member,1
"Buckingham Fountain (Temp)",41.87,-87.62,member,1766
"Budlong Woods Library",41.98,-87.70,casual,422
"Budlong Woods Library",41.98,-87.70,member,536
"Burling St & Diversey Pkwy",41.82,-87.60,casual,1
"Burling St & Diversey Pkwy",41.90,-87.67,casual,1
"Burling St & Diversey Pkwy",41.92,-87.65,casual,1
"Burling St & Diversey Pkwy",41.93,-87.65,casual,4443
"Burling St & Diversey Pkwy",41.90,-87.65,member,1
"Burling St & Diversey Pkwy",41.93,-87.65,member,10457
"Burnham Greenway & 105th St",41.70,-87.53,casual,77
"Burnham Greenway & 105th St",41.70,-87.53,member,47
"Burnham Greenway & 112th St",41.69,-87.53,casual,267
"Burnham Greenway & 112th St",41.69,-87.53,member,158
"Burnham Harbor",41.86,-87.61,casual,5016
"Burnham Harbor",41.88,-87.62,casual,1
"Burnham Harbor",41.89,-87.68,casual,1
"Burnham Harbor",41.86,-87.61,member,6494
"Burnham Harbor",41.88,-87.62,member,1
"California & 16th St",41.86,-87.70,casual,200
"California & 16th St",41.86,-87.70,member,99
"California Ave & 21st St",41.85,-87.70,casual,378
"California Ave & 21st St",41.85,-87.70,member,409
"California Ave & 23rd Pl",41.85,-87.70,casual,290
"California Ave & 23rd Pl",41.85,-87.69,casual,1
"California Ave & 23rd Pl",41.85,-87.70,member,386
"California Ave & 26th St",41.84,-87.70,casual,1
"California Ave & 26th St",41.84,-87.69,casual,76
"California Ave & 26th St",41.84,-87.70,member,5
"California Ave & 26th St",41.84,-87.69,member,220
"California Ave & 29th St",41.84,-87.69,casual,27
"California Ave & 29th St",41.84,-87.69,member,18
"California Ave & 36th St",41.83,-87.69,casual,94
"California Ave & 36th St",41.83,-87.69,member,37
"California Ave & 41st St",41.82,-87.69,casual,7
"California Ave & 41st St",41.82,-87.69,member,3
"California Ave & 71st St",41.76,-87.69,casual,35
"California Ave & 71st St",41.76,-87.69,member,37
"California Ave & Altgeld St",41.93,-87.70,casual,1540
"California Ave & Altgeld St",41.85,-87.72,member,1
"California Ave & Altgeld St",41.92,-87.67,member,1
"California Ave & Altgeld St",41.93,-87.70,member,3080
"California Ave & Byron St",41.95,-87.70,casual,1105
"California Ave & Byron St",41.95,-87.70,member,1820
"California Ave & Cortez St",41.90,-87.70,casual,2611
"California Ave & Cortez St",41.94,-87.65,casual,1
"California Ave & Cortez St",41.88,-87.65,member,1
"California Ave & Cortez St",41.88,-87.63,member,1
"California Ave & Cortez St",41.89,-87.68,member,1
"California Ave & Cortez St",41.89,-87.62,member,1
"California Ave & Cortez St",41.90,-87.70,member,3917
"California Ave & Cortez St",41.98,-87.69,member,1
"California Ave & Division St",41.90,-87.70,casual,1811
"California Ave & Division St",41.90,-87.70,member,2743
"California Ave & Division St",41.91,-87.71,member,1
"California Ave & Division St",41.92,-87.70,member,1
"California Ave & Fletcher St",41.94,-87.70,casual,1296
"California Ave & Fletcher St",41.89,-87.68,member,1
"California Ave & Fletcher St",41.94,-87.70,member,1795
"California Ave & Fletcher St",41.94,-87.69,member,1
"California Ave & Francis Pl",41.92,-87.70,casual,2204
"California Ave & Francis Pl",41.89,-87.68,member,1
"California Ave & Francis Pl",41.92,-87.70,member,3796
"California Ave & Francis Pl",41.94,-87.67,member,1
"California Ave & Francis Pl",41.94,-87.64,member,1
"California Ave & Granville Ave",41.99,-87.70,casual,111
"California Ave & Granville Ave",41.99,-87.70,member,254
"California Ave & Lake St",41.88,-87.70,casual,654
"California Ave & Lake St",41.88,-87.65,casual,1
"California Ave & Lake St",41.88,-87.70,member,556
"California Ave & Marquette Rd",41.77,-87.69,casual,119
"California Ave & Marquette Rd",41.77,-87.69,member,23
"California Ave & Milwaukee Ave",41.89,-87.68,casual,1
"California Ave & Milwaukee Ave",41.91,-87.70,casual,1
"California Ave & Milwaukee Ave",41.92,-87.70,casual,5424
"California Ave & Milwaukee Ave",41.90,-87.71,member,1
"California Ave & Milwaukee Ave",41.91,-87.71,member,1
"California Ave & Milwaukee Ave",41.92,-87.70,member,8141
"California Ave & Milwaukee Ave",41.98,-87.69,member,1
"California Ave & Montrose Ave",41.96,-87.70,casual,1378
"California Ave & Montrose Ave",41.96,-87.70,member,2475
"California Ave & Montrose Ave",41.96,-87.69,member,1
"California Ave & North Ave",41.88,-87.64,casual,1
"California Ave & North Ave",41.91,-87.70,casual,1677
"California Ave & North Ave",41.89,-87.69,member,1
"California Ave & North Ave",41.89,-87.68,member,1
"California Ave & North Ave",41.91,-87.70,member,3189
"California Ave & North Ave",41.93,-87.70,member,1
"California Ave & Touhy Ave",42.01,-87.70,casual,35
"California Ave & Touhy Ave",42.01,-87.70,member,39
"California Ave & Winona St",41.97,-87.70,casual,213
"California Ave & Winona St",41.97,-87.70,member,635
"Calumet Ave & 18th St",41.86,-87.62,casual,4114
"Calumet Ave & 18th St",41.87,-87.63,casual,1
"Calumet Ave & 18th St",41.87,-87.62,casual,1
"Calumet Ave & 18th St",41.87,-87.61,casual,1
"Calumet Ave & 18th St",41.83,-87.63,member,1
"Calumet Ave & 18th St",41.86,-87.62,member,5339
"Calumet Ave & 18th St",41.88,-87.65,member,1
"Calumet Ave & 18th St",41.88,-87.63,member,1
"Calumet Ave & 21st St",41.84,-87.62,casual,1
"Calumet Ave & 21st St",41.85,-87.62,casual,2629
"Calumet Ave & 21st St",41.86,-87.68,casual,1
"Calumet Ave & 21st St",41.87,-87.61,casual,1
"Calumet Ave & 21st St",41.83,-87.62,member,1
"Calumet Ave & 21st St",41.85,-87.62,member,2367
"Calumet Ave & 21st St",41.86,-87.68,member,1
"Calumet Ave & 21st St",41.87,-87.62,member,1
"Calumet Ave & 21st St",41.88,-87.65,member,1
"Calumet Ave & 33rd St",41.83,-87.62,casual,954
"Calumet Ave & 33rd St",41.80,-87.74,member,2
"Calumet Ave & 33rd St",41.80,-87.58,member,2
"Calumet Ave & 33rd St",41.83,-87.62,member,13274
"Calumet Ave & 33rd St",41.84,-87.70,member,3
"Calumet Ave & 33rd St",41.84,-87.64,member,1
"Calumet Ave & 33rd St",41.84,-87.62,member,8
"Calumet Ave & 33rd St",41.86,-87.63,member,1
"Calumet Ave & 33rd St",41.88,-87.65,member,3
"Calumet Ave & 33rd St",41.88,-87.62,member,1
"Calumet Ave & 33rd St",41.92,-87.67,member,1
"Calumet Ave & 35th St",41.83,-87.62,casual,652
"Calumet Ave & 35th St",41.76,-87.59,member,1
"Calumet Ave & 35th St",41.80,-87.74,member,1
"Calumet Ave & 35th St",41.80,-87.58,member,1
"Calumet Ave & 35th St",41.83,-87.62,member,3483
"Calumet Ave & 35th St",41.84,-87.70,member,2
"Calumet Ave & 35th St",41.84,-87.62,member,1
"Calumet Ave & 51st St",41.80,-87.62,casual,375
"Calumet Ave & 51st St",41.80,-87.62,member,728
"Calumet Ave & 71st St",41.77,-87.62,casual,49
"Calumet Ave & 71st St",41.77,-87.62,member,196
"Calumet Park",41.71,-87.53,casual,176
"Calumet Park",41.71,-87.53,member,40
"Campbell Ave & 51st St",41.80,-87.69,casual,115
"Campbell Ave & 51st St",41.80,-87.69,member,21
"Campbell Ave & Augusta Blvd",41.90,-87.69,casual,1249
"Campbell Ave & Augusta Blvd",41.90,-87.69,member,1859
"Campbell Ave & Fullerton Ave",41.91,-87.81,casual,1
"Campbell Ave & Fullerton Ave",41.92,-87.69,casual,1456
"Campbell Ave & Fullerton Ave",41.88,-87.64,member,1
"Campbell Ave & Fullerton Ave",41.91,-87.81,member,1
"Campbell Ave & Fullerton Ave",41.92,-87.69,member,2076
"Campbell Ave & Fullerton Ave",41.95,-87.66,member,1
"Campbell Ave & Fullerton Ave",42.00,-87.66,member,1
"Campbell Ave & Irving Park Rd",41.95,-87.69,casual,350
"Campbell Ave & Irving Park Rd",41.95,-87.69,member,397
"Campbell Ave & Montrose Ave",41.96,-87.69,casual,1071
"Campbell Ave & Montrose Ave",41.96,-87.69,member,2433
"Campbell Ave & North Ave",41.91,-87.69,casual,2484
"Campbell Ave & North Ave",41.88,-87.65,member,1
"Campbell Ave & North Ave",41.89,-87.68,member,1
"Campbell Ave & North Ave",41.90,-87.68,member,1
"Campbell Ave & North Ave",41.91,-87.69,member,4570
"Canal St & Adams St",41.87,-87.64,casual,1
"Canal St & Adams St",41.87,-87.62,casual,1
"Canal St & Adams St",41.88,-87.64,casual,5812
"Canal St & Adams St",41.89,-87.66,casual,1
"Canal St & Adams St",41.89,-87.63,casual,1
"Canal St & Adams St",41.90,-87.64,casual,1
"Canal St & Adams St",41.87,-87.68,member,1
"Canal St & Adams St",41.87,-87.67,member,1
"Canal St & Adams St",41.88,-87.66,member,1
"Canal St & Adams St",41.88,-87.65,member,1
"Canal St & Adams St",41.88,-87.64,member,19041
"Canal St & Adams St",41.88,-87.63,member,6
"Canal St & Adams St",41.88,-87.62,member,1
"Canal St & Adams St",41.89,-87.68,member,1
"Canal St & Adams St",41.89,-87.65,member,1
"Canal St & Adams St",41.89,-87.64,member,2
"Canal St & Adams St",41.89,-87.63,member,2
"Canal St & Adams St",41.91,-87.65,member,1
"Canal St & Adams St",41.92,-87.64,member,1
"Canal St & Harrison St",41.87,-87.64,casual,1139
"Canal St & Harrison St",41.90,-87.60,casual,1
"Canal St & Harrison St",41.87,-87.64,member,2513
"Canal St & Harrison St",41.88,-87.63,member,1
"Canal St & Jackson Blvd",41.87,-87.64,casual,1
"Canal St & Jackson Blvd",41.87,-87.63,casual,1
"Canal St & Jackson Blvd",41.88,-87.64,casual,3812
"Canal St & Jackson Blvd",41.89,-87.68,casual,1
"Canal St & Jackson Blvd",41.89,-87.62,casual,1
"Canal St & Jackson Blvd",41.87,-87.67,member,1
"Canal St & Jackson Blvd",41.87,-87.64,member,1
"Canal St & Jackson Blvd",41.87,-87.62,member,1
"Canal St & Jackson Blvd",41.88,-87.65,member,1
"Canal St & Jackson Blvd",41.88,-87.64,member,10754
"Canal St & Jackson Blvd",41.88,-87.63,member,2
"Canal St & Jackson Blvd",41.89,-87.64,member,1
"Canal St & Jackson Blvd",41.90,-87.66,member,1
"Canal St & Jackson Blvd",41.90,-87.63,member,1
"Canal St & Jackson Blvd",41.90,-87.60,member,1
"Canal St & Jackson Blvd",41.94,-87.66,member,1
"Canal St & Madison St",41.87,-87.66,casual,1
"Canal St & Madison St",41.88,-87.64,casual,5833
"Canal St & Madison St",41.88,-87.63,casual,3
"Canal St & Madison St",41.89,-87.68,casual,1
"Canal St & Madison St",41.89,-87.65,casual,1
"Canal St & Madison St",41.89,-87.64,casual,3
"Canal St & Madison St",41.89,-87.63,casual,4
"Canal St & Madison St",41.86,-87.70,member,1
"Canal St & Madison St",41.86,-87.68,member,1
"Canal St & Madison St",41.87,-87.63,member,1
"Canal St & Madison St",41.88,-87.64,member,16341
"Canal St & Madison St",41.88,-87.63,member,4
"Canal St & Madison St",41.89,-87.68,member,2
"Canal St & Madison St",41.89,-87.65,member,1
"Canal St & Madison St",41.89,-87.64,member,5
"Canal St & Madison St",41.89,-87.63,member,2
"Canal St & Madison St",41.89,-87.62,member,1
"Canal St & Madison St",41.89,-87.61,member,1
"Canal St & Madison St",41.94,-87.70,member,1
"Canal St & Monroe St",41.88,-87.64,casual,4044
"Canal St & Monroe St",41.88,-87.63,casual,1
"Canal St & Monroe St",41.89,-87.64,casual,3
"Canal St & Monroe St",41.85,-87.64,member,2
"Canal St & Monroe St",41.87,-87.64,member,1
"Canal St & Monroe St",41.88,-87.65,member,3
"Canal St & Monroe St",41.88,-87.64,member,13005
"Canal St & Monroe St",41.88,-87.63,member,5
"Canal St & Monroe St",41.89,-87.67,member,1
"Canal St & Monroe St",41.89,-87.64,member,1
"Canal St & Monroe St",41.89,-87.63,member,2
"Canal St & Monroe St",41.90,-87.64,member,3
"Canal St & Monroe St",41.90,-87.63,member,1
"Canal St & Monroe St",41.98,-87.70,member,1
"Canal St & Taylor St",41.87,-87.64,casual,2371
"Canal St & Taylor St",41.87,-87.65,member,1
"Canal St & Taylor St",41.87,-87.64,member,4663
"Canal St & Taylor St",41.89,-87.64,member,1
"Cannon Dr & Fullerton Ave",41.87,-87.62,casual,1
"Cannon Dr & Fullerton Ave",41.93,-87.64,casual,1
"Cannon Dr & Fullerton Ave",41.93,-87.63,casual,4272
"Cannon Dr & Fullerton Ave",41.87,-87.65,member,1
"Cannon Dr & Fullerton Ave",41.90,-87.62,member,1
"Cannon Dr & Fullerton Ave",41.92,-87.65,member,1
"Cannon Dr & Fullerton Ave",41.93,-87.64,member,1
"Cannon Dr & Fullerton Ave",41.93,-87.63,member,2761
"Carpenter St & 63rd St",41.78,-87.65,casual,9
"Carpenter St & 63rd St",41.78,-87.65,member,12
"Carpenter St & Huron St",41.89,-87.65,casual,3842
"Carpenter St & Huron St",41.90,-87.69,casual,1
"Carpenter St & Huron St",41.90,-87.66,casual,1
"Carpenter St & Huron St",41.88,-87.65,member,4
"Carpenter St & Huron St",41.88,-87.64,member,1
"Carpenter St & Huron St",41.89,-87.65,member,8223
"Carpenter St & Huron St",41.89,-87.64,member,1
"Carpenter St & Huron St",41.89,-87.63,member,1
"Carpenter St & Huron St",41.90,-87.66,member,1
"Carpenter St & Huron St",41.90,-87.65,member,1
"Carpenter St & Huron St",41.90,-87.64,member,1
"Carpenter St & Huron St",41.91,-87.67,member,1
"Carpenter St & Huron St",41.92,-87.74,member,1
"Carpenter St & Huron St",41.92,-87.67,member,1
"Carpenter St & Huron St",41.94,-87.64,member,1
"Central Ave & Altgeld St",41.93,-87.77,casual,17
"Central Ave & Altgeld St",41.93,-87.77,member,19
"Central Ave & Chicago Ave",41.89,-87.76,casual,60
"Central Ave & Chicago Ave",41.90,-87.76,casual,2
"Central Ave & Chicago Ave",41.89,-87.77,member,1
"Central Ave & Chicago Ave",41.89,-87.76,member,283
"Central Ave & Chicago Ave",41.90,-87.76,member,12
"Central Ave & Harrison St",41.87,-87.76,casual,84
"Central Ave & Harrison St",41.87,-87.76,member,35
"Central Ave & Lake St",41.89,-87.77,casual,108
"Central Ave & Lake St",41.89,-87.77,member,88
"Central Ave & Madison St",41.88,-87.76,casual,87
"Central Ave & Madison St",41.88,-87.76,member,59
"Central Ave & Parker Ave",41.93,-87.77,casual,119
"Central Ave & Parker Ave",41.93,-87.77,member,121
"Central Ave & Roscoe St",41.94,-87.77,casual,87
"Central Ave & Roscoe St",41.94,-87.77,member,85
"Central Ave & Wellington Ave",41.93,-87.77,casual,20
"Central Ave & Wellington Ave",41.93,-87.77,member,24
"Central Park & Augusta Blvd",41.90,-87.72,casual,109
"Central Park & Augusta Blvd",41.90,-87.72,member,102
"Central Park Ave & 24th St",41.85,-87.72,casual,202
"Central Park Ave & 24th St",41.85,-87.72,member,55
"Central Park Ave & 24th St",41.85,-87.71,member,1
"Central Park Ave & 66th St",41.77,-87.71,casual,6
"Central Park Ave & Ardmore Ave",41.99,-87.72,casual,25
"Central Park Ave & Ardmore Ave",41.99,-87.72,member,17
"Central Park Ave & Bloomingdale Ave",41.91,-87.72,casual,1245
"Central Park Ave & Bloomingdale Ave",41.91,-87.72,member,1508
"Central Park Ave & Douglas Blvd",41.86,-87.72,casual,57
"Central Park Ave & Douglas Blvd",41.86,-87.72,member,27
"Central Park Ave & Elbridge Ave",41.94,-87.72,casual,1188
"Central Park Ave & Elbridge Ave",41.94,-87.72,member,1924
"Central Park Ave & North Ave",41.91,-87.72,casual,671
"Central Park Ave & North Ave",41.91,-87.72,member,616
"Central Park Ave & Ogden Ave",41.85,-87.72,casual,495
"Central Park Ave & Ogden Ave",41.85,-87.71,casual,14
"Central Park Ave & Ogden Ave",41.89,-87.66,casual,1
"Central Park Ave & Ogden Ave",41.85,-87.72,member,312
"Central Park Ave & Ogden Ave",41.85,-87.71,member,4
"Central Park Ave & Ohio St",41.89,-87.72,casual,120
"Central Park Ave & Ohio St",41.89,-87.72,member,15
"Central Park Ave & Washington Blvd",41.88,-87.72,casual,15
"Central Park Ave & Washington Blvd",41.88,-87.72,member,10
"Central Park Blvd & 5th Ave",41.88,-87.72,casual,91
"Central Park Blvd & 5th Ave",41.88,-87.72,member,82
"Central St & Girard Ave",42.06,-87.69,casual,589
"Central St & Girard Ave",42.06,-87.69,member,530
"Central St Metra",42.06,-87.70,casual,733
"Central St Metra",42.06,-87.70,member,567
"Cherry Ave & Blackhawk St",41.91,-87.66,casual,947
"Cherry Ave & Blackhawk St",41.91,-87.66,member,1482
"Chicago Ave & Sheridan Rd",42.05,-87.68,casual,2598
"Chicago Ave & Sheridan Rd",42.05,-87.68,member,3109
"Chicago Ave & Washington St",42.03,-87.68,casual,1447
"Chicago Ave & Washington St",42.03,-87.68,member,1599
"Chicago State University",41.72,-87.61,casual,232
"Chicago State University",41.72,-87.62,member,1
"Chicago State University",41.72,-87.61,member,171
"Christiana Ave & Lawrence Ave",41.85,-87.68,casual,1
"Christiana Ave & Lawrence Ave",41.97,-87.71,casual,852
"Christiana Ave & Lawrence Ave",41.97,-87.71,member,1137
"Cicero Ave & Flournoy St",41.87,-87.75,casual,54
"Cicero Ave & Flournoy St",41.87,-87.75,member,60
"Cicero Ave & Grace St",41.95,-87.75,casual,131
"Cicero Ave & Grace St",41.95,-87.75,member,193
"Cicero Ave & Lake St",41.89,-87.75,casual,125
"Cicero Ave & Lake St",41.89,-87.75,member,71
"Cicero Ave & Quincy St",41.88,-87.75,casual,46
"Cicero Ave & Quincy St",41.88,-87.75,member,65
"Cicero Ave & Roscoe Ave",41.94,-87.75,casual,37
"Cicero Ave & Roscoe Ave",41.94,-87.75,member,38
"Cicero Ave & Wellington Ave",41.94,-87.75,member,1
"Cicero Ave & Wrightwood Ave",41.93,-87.75,casual,17
"Cicero Ave & Wrightwood Ave",41.93,-87.75,member,46
"Cityfront Plaza Dr & Pioneer Ct",41.89,-87.68,casual,1
"Cityfront Plaza Dr & Pioneer Ct",41.89,-87.65,casual,1
"Cityfront Plaza Dr & Pioneer Ct",41.89,-87.62,casual,6519
"Cityfront Plaza Dr & Pioneer Ct",41.89,-87.61,casual,1
"Cityfront Plaza Dr & Pioneer Ct",41.86,-87.68,member,1
"Cityfront Plaza Dr & Pioneer Ct",41.87,-87.66,member,1
"Cityfront Plaza Dr & Pioneer Ct",41.87,-87.63,member,1
"Cityfront Plaza Dr & Pioneer Ct",41.88,-87.65,member,2
"Cityfront Plaza Dr & Pioneer Ct",41.89,-87.68,member,1
"Cityfront Plaza Dr & Pioneer Ct",41.89,-87.63,member,2
"Cityfront Plaza Dr & Pioneer Ct",41.89,-87.62,member,7978
"Cityfront Plaza Dr & Pioneer Ct",41.90,-87.62,member,1
"Claremont Ave & Hirsch St",41.91,-87.69,casual,1218
"Claremont Ave & Hirsch St",41.89,-87.64,member,1
"Claremont Ave & Hirsch St",41.90,-87.68,member,1
"Claremont Ave & Hirsch St",41.91,-87.69,member,2623
"Clarendon Ave & Gordon Ter",41.94,-87.65,casual,1
"Clarendon Ave & Gordon Ter",41.96,-87.65,casual,4790
"Clarendon Ave & Gordon Ter",41.96,-87.64,casual,1
"Clarendon Ave & Gordon Ter",41.88,-87.66,member,1
"Clarendon Ave & Gordon Ter",41.88,-87.65,member,1
"Clarendon Ave & Gordon Ter",41.89,-87.64,member,1
"Clarendon Ave & Gordon Ter",41.94,-87.64,member,1
"Clarendon Ave & Gordon Ter",41.95,-87.73,member,1
"Clarendon Ave & Gordon Ter",41.95,-87.65,member,2
"Clarendon Ave & Gordon Ter",41.96,-87.65,member,11846
"Clarendon Ave & Gordon Ter",41.96,-87.64,member,1
"Clarendon Ave & Gordon Ter",41.97,-87.65,member,2
"Clarendon Ave & Junior Ter",41.95,-87.65,casual,1
"Clarendon Ave & Junior Ter",41.96,-87.65,casual,4279
"Clarendon Ave & Junior Ter",41.96,-87.64,casual,1
"Clarendon Ave & Junior Ter",41.97,-87.65,casual,2
"Clarendon Ave & Junior Ter",41.88,-87.65,member,1
"Clarendon Ave & Junior Ter",41.89,-87.65,member,1
"Clarendon Ave & Junior Ter",41.90,-87.62,member,1
"Clarendon Ave & Junior Ter",41.96,-87.65,member,8486
"Clarendon Ave & Leland Ave",41.97,-87.65,casual,2472
"Clarendon Ave & Leland Ave",41.86,-87.68,member,1
"Clarendon Ave & Leland Ave",41.97,-87.65,member,4574
"Clark St & 9th St (AMLI)",41.87,-87.65,casual,1
"Clark St & 9th St (AMLI)",41.87,-87.63,casual,2502
"Clark St & 9th St (AMLI)",41.88,-87.63,casual,2
"Clark St & 9th St (AMLI)",41.87,-87.63,member,4328
"Clark St & Armitage Ave",41.86,-87.67,casual,1
"Clark St & Armitage Ave",41.88,-87.63,casual,2
"Clark St & Armitage Ave",41.89,-87.68,casual,1
"Clark St & Armitage Ave",41.89,-87.64,casual,2
"Clark St & Armitage Ave",41.90,-87.66,casual,1
"Clark St & Armitage Ave",41.90,-87.64,casual,1
"Clark St & Armitage Ave",41.91,-87.67,casual,1
"Clark St & Armitage Ave",41.91,-87.63,casual,1
"Clark St & Armitage Ave",41.92,-87.65,casual,1
"Clark St & Armitage Ave",41.92,-87.64,casual,12287
"Clark St & Armitage Ave",41.93,-87.64,casual,2
"Clark St & Armitage Ave",41.96,-87.64,casual,1
"Clark St & Armitage Ave",41.77,-87.58,member,1
"Clark St & Armitage Ave",41.87,-87.64,member,1
"Clark St & Armitage Ave",41.88,-87.65,member,1
"Clark St & Armitage Ave",41.89,-87.68,member,1
"Clark St & Armitage Ave",41.89,-87.64,member,1
"Clark St & Armitage Ave",41.90,-87.66,member,2
"Clark St & Armitage Ave",41.91,-87.63,member,1
"Clark St & Armitage Ave",41.92,-87.65,member,4
"Clark St & Armitage Ave",41.92,-87.64,member,16700
"Clark St & Berwyn Ave",41.86,-87.68,casual,1
"Clark St & Berwyn Ave",41.92,-87.74,casual,1
"Clark St & Berwyn Ave",41.97,-87.67,casual,1
"Clark St & Berwyn Ave",41.97,-87.66,casual,1
"Clark St & Berwyn Ave",41.98,-87.67,casual,4637
"Clark St & Berwyn Ave",41.88,-87.63,member,1
"Clark St & Berwyn Ave",41.89,-87.68,member,1
"Clark St & Berwyn Ave",41.94,-87.67,member,1
"Clark St & Berwyn Ave",41.95,-87.64,member,1
"Clark St & Berwyn Ave",41.98,-87.67,member,8721
"Clark St & Bryn Mawr Ave",41.97,-87.67,casual,1
"Clark St & Bryn Mawr Ave",41.98,-87.67,casual,3056
"Clark St & Bryn Mawr Ave",41.99,-87.65,casual,1
"Clark St & Bryn Mawr Ave",41.89,-87.68,member,1
"Clark St & Bryn Mawr Ave",41.95,-87.73,member,1
"Clark St & Bryn Mawr Ave",41.97,-87.65,member,1
"Clark St & Bryn Mawr Ave",41.97,-87.64,member,1
"Clark St & Bryn Mawr Ave",41.98,-87.67,member,6734
"Clark St & Bryn Mawr Ave",41.99,-87.67,member,1
"Clark St & Chicago Ave",41.89,-87.63,casual,2
"Clark St & Chicago Ave",41.90,-87.63,casual,4070
"Clark St & Chicago Ave",41.85,-87.63,member,1
"Clark St & Chicago Ave",41.86,-87.72,member,1
"Clark St & Chicago Ave",41.88,-87.65,member,1
"Clark St & Chicago Ave",41.88,-87.63,member,1
"Clark St & Chicago Ave",41.89,-87.63,member,3
"Clark St & Chicago Ave",41.90,-87.67,member,2
"Clark St & Chicago Ave",41.90,-87.63,member,8698
"Clark St & Chicago Ave",41.91,-87.63,member,2
"Clark St & Chicago Ave",41.92,-87.64,member,1
"Clark St & Chicago Ave",41.94,-87.64,member,1
"Clark St & Columbia Ave",42.00,-87.67,casual,928
"Clark St & Columbia Ave",42.00,-87.67,member,1924
"Clark St & Drummond Pl",41.91,-87.65,casual,1
"Clark St & Drummond Pl",41.93,-87.64,casual,7590
"Clark St & Drummond Pl",41.93,-87.63,casual,1
"Clark St & Drummond Pl",41.94,-87.65,casual,2
"Clark St & Drummond Pl",41.88,-87.63,member,1
"Clark St & Drummond Pl",41.89,-87.68,member,1
"Clark St & Drummond Pl",41.90,-87.69,member,4
"Clark St & Drummond Pl",41.92,-87.65,member,2
"Clark St & Drummond Pl",41.93,-87.65,member,2
"Clark St & Drummond Pl",41.93,-87.64,member,14954
"Clark St & Elm St",41.77,-87.58,casual,1
"Clark St & Elm St",41.86,-87.68,casual,1
"Clark St & Elm St",41.87,-87.65,casual,1
"Clark St & Elm St",41.88,-87.65,casual,1
"Clark St & Elm St",41.88,-87.63,casual,1
"Clark St & Elm St",41.89,-87.68,casual,1
"Clark St & Elm St",41.89,-87.67,casual,1
"Clark St & Elm St",41.90,-87.67,casual,1
"Clark St & Elm St",41.90,-87.64,casual,2
"Clark St & Elm St",41.90,-87.63,casual,11868
"Clark St & Elm St",41.91,-87.63,casual,2
"Clark St & Elm St",41.92,-87.64,casual,1
"Clark St & Elm St",41.86,-87.68,member,1
"Clark St & Elm St",41.87,-87.64,member,1
"Clark St & Elm St",41.88,-87.65,member,1
"Clark St & Elm St",41.88,-87.64,member,1
"Clark St & Elm St",41.88,-87.63,member,2
"Clark St & Elm St",41.89,-87.64,member,1
"Clark St & Elm St",41.89,-87.63,member,3
"Clark St & Elm St",41.90,-87.66,member,1
"Clark St & Elm St",41.90,-87.65,member,1
"Clark St & Elm St",41.90,-87.64,member,1
"Clark St & Elm St",41.90,-87.63,member,27237
"Clark St & Elm St",41.90,-87.62,member,1
"Clark St & Elm St",41.91,-87.67,member,1
"Clark St & Elm St",41.91,-87.65,member,1
"Clark St & Elm St",41.91,-87.63,member,4
"Clark St & Elm St",41.92,-87.67,member,2
"Clark St & Elm St",41.92,-87.65,member,1
"Clark St & Elm St",41.93,-87.64,member,1
"Clark St & Elm St",41.95,-87.67,member,1
"Clark St & Elmdale Ave",41.99,-87.67,casual,1535
"Clark St & Elmdale Ave",41.96,-87.67,member,1
"Clark St & Elmdale Ave",41.99,-87.67,member,2464
"Clark St & Grace St",41.95,-87.66,casual,6601
"Clark St & Grace St",41.96,-87.66,casual,1
"Clark St & Grace St",41.97,-87.67,casual,1
"Clark St & Grace St",41.87,-87.65,member,1
"Clark St & Grace St",41.92,-87.74,member,1
"Clark St & Grace St",41.92,-87.65,member,2
"Clark St & Grace St",41.93,-87.64,member,1
"Clark St & Grace St",41.95,-87.66,member,8091
"Clark St & Ida B Wells Dr",41.88,-87.63,casual,2679
"Clark St & Ida B Wells Dr",41.95,-87.65,casual,1
"Clark St & Ida B Wells Dr",41.85,-87.62,member,1
"Clark St & Ida B Wells Dr",41.87,-87.63,member,1
"Clark St & Ida B Wells Dr",41.87,-87.62,member,1
"Clark St & Ida B Wells Dr",41.88,-87.63,member,6635
"Clark St & Ida B Wells Dr",41.89,-87.68,member,1
"Clark St & Ida B Wells Dr",41.89,-87.66,member,1
"Clark St & Ida B Wells Dr",41.89,-87.63,member,1
"Clark St & Jarvis Ave",42.02,-87.68,casual,336
"Clark St & Jarvis Ave",42.02,-87.67,casual,126
"Clark St & Jarvis Ave",42.02,-87.68,member,868
"Clark St & Jarvis Ave",42.02,-87.67,member,202
"Clark St & Lake St",41.87,-87.67,casual,1
"Clark St & Lake St",41.88,-87.64,casual,1
"Clark St & Lake St",41.88,-87.63,casual,6
"Clark St & Lake St",41.89,-87.64,casual,1
"Clark St & Lake St",41.89,-87.63,casual,5797
"Clark St & Lake St",41.95,-87.66,casual,1
"Clark St & Lake St",41.87,-87.66,member,1
"Clark St & Lake St",41.87,-87.63,member,1
"Clark St & Lake St",41.88,-87.65,member,3
"Clark St & Lake St",41.88,-87.64,member,3
"Clark St & Lake St",41.88,-87.63,member,22
"Clark St & Lake St",41.89,-87.65,member,1
"Clark St & Lake St",41.89,-87.63,member,12843
"Clark St & Lake St",41.89,-87.62,member,2
"Clark St & Lake St",41.90,-87.64,member,1
"Clark St & Lake St",41.90,-87.63,member,1
"Clark St & Leland Ave",41.92,-87.74,casual,1
"Clark St & Leland Ave",41.97,-87.67,casual,3879
"Clark St & Leland Ave",41.98,-87.67,casual,1
"Clark St & Leland Ave",41.89,-87.68,member,1
"Clark St & Leland Ave",41.90,-87.63,member,1
"Clark St & Leland Ave",41.97,-87.67,member,7604
"Clark St & Lincoln Ave",41.88,-87.62,casual,1
"Clark St & Lincoln Ave",41.89,-87.63,casual,1
"Clark St & Lincoln Ave",41.90,-87.63,casual,1
"Clark St & Lincoln Ave",41.91,-87.63,casual,2
"Clark St & Lincoln Ave",41.92,-87.64,casual,5
"Clark St & Lincoln Ave",41.92,-87.63,casual,12041
"Clark St & Lincoln Ave",41.93,-87.64,casual,1
"Clark St & Lincoln Ave",41.87,-87.61,member,1
"Clark St & Lincoln Ave",41.88,-87.63,member,1
"Clark St & Lincoln Ave",41.89,-87.64,member,1
"Clark St & Lincoln Ave",41.89,-87.60,member,1
"Clark St & Lincoln Ave",41.91,-87.68,member,1
"Clark St & Lincoln Ave",41.91,-87.63,member,2
"Clark St & Lincoln Ave",41.92,-87.65,member,5
"Clark St & Lincoln Ave",41.92,-87.64,member,3
"Clark St & Lincoln Ave",41.92,-87.63,member,16121
"Clark St & Lincoln Ave",41.93,-87.68,member,1
"Clark St & Lincoln Ave",41.93,-87.64,member,1
"Clark St & Lincoln Ave",41.94,-87.64,member,1
"Clark St & Lunt Ave",41.90,-87.63,casual,1
"Clark St & Lunt Ave",42.01,-87.68,casual,1
"Clark St & Lunt Ave",42.01,-87.67,casual,1857
"Clark St & Lunt Ave",42.01,-87.67,member,3157
"Clark St & Montrose Ave",41.94,-87.67,casual,1
"Clark St & Montrose Ave",41.94,-87.65,casual,1
"Clark St & Montrose Ave",41.96,-87.67,casual,3091
"Clark St & Montrose Ave",41.96,-87.65,casual,1
"Clark St & Montrose Ave",41.90,-87.60,member,1
"Clark St & Montrose Ave",41.96,-87.67,member,5651
"Clark St & Newport St",41.90,-87.62,casual,1
"Clark St & Newport St",41.93,-87.64,casual,1
"Clark St & Newport St",41.94,-87.67,casual,1
"Clark St & Newport St",41.94,-87.66,casual,21
"Clark St & Newport St",41.94,-87.65,casual,10193
"Clark St & Newport St",41.95,-87.65,casual,1
"Clark St & Newport St",41.95,-87.64,casual,1
"Clark St & Newport St",41.96,-87.65,casual,1
"Clark St & Newport St",41.76,-87.65,member,1
"Clark St & Newport St",41.87,-87.69,member,1
"Clark St & Newport St",41.88,-87.65,member,1
"Clark St & Newport St",41.89,-87.65,member,1
"Clark St & Newport St",41.92,-87.64,member,1
"Clark St & Newport St",41.94,-87.67,member,1
"Clark St & Newport St",41.94,-87.66,member,28
"Clark St & Newport St",41.94,-87.65,member,13163
"Clark St & Newport St",41.95,-87.66,member,1
"Clark St & Newport St",41.95,-87.65,member,3
"Clark St & North Ave",41.90,-87.63,casual,1
"Clark St & North Ave",41.90,-87.62,casual,1
"Clark St & North Ave",41.91,-87.63,casual,5740
"Clark St & North Ave",41.94,-87.65,casual,1
"Clark St & North Ave",41.91,-87.63,member,7846
"Clark St & North Ave",41.92,-87.64,member,1
"Clark St & North Ave",41.94,-87.68,member,1
"Clark St & Randolph St",41.88,-87.64,casual,1
"Clark St & Randolph St",41.88,-87.63,casual,3500
"Clark St & Randolph St",41.88,-87.62,casual,1
"Clark St & Randolph St",41.89,-87.68,casual,1
"Clark St & Randolph St",41.89,-87.63,casual,147
"Clark St & Randolph St",41.90,-87.64,casual,1
"Clark St & Randolph St",41.76,-87.60,member,1
"Clark St & Randolph St",41.86,-87.65,member,1
"Clark St & Randolph St",41.88,-87.65,member,4
"Clark St & Randolph St",41.88,-87.64,member,1
"Clark St & Randolph St",41.88,-87.63,member,7583
"Clark St & Randolph St",41.89,-87.63,member,299
"Clark St & Randolph St",41.92,-87.64,member,1
"Clark St & Schiller St",41.76,-87.65,casual,1
"Clark St & Schiller St",41.88,-87.63,casual,1
"Clark St & Schiller St",41.90,-87.63,casual,2
"Clark St & Schiller St",41.91,-87.63,casual,6552
"Clark St & Schiller St",41.92,-87.64,casual,1
